,SOURCE_A,SOURCE_J,TARGET_A,TARGET_J,YEAR
1,410465300001,0385-4035,000319017700021,0046-5755,2013
2,410465300001,0385-4035,000259370800011,0021-2172,2008
3,410465300001,0385-4035,000285399100002,0025-584X,2010
4,410465300001,0385-4035,000172895500002,0022-2518,2001
5,410465300001,0385-4035,A1974S076800003,0003-486X,1974
6,410465300001,0385-4035,000077775200003,0025-584X,1998
7,410465300001,0385-4035,000328903200012,1050-6926,2014
8,410465300001,0385-4035,000307696600002,0040-8735,2012
9,410465300001,0385-4035,A1954UL94400004,0003-486X,1954
10,410465300001,0385-4035,A1995QR92300011,0025-584X,1995
11,410465300001,0385-4035,000228947500012,0010-437X,2005
12,410465300001,0385-4035,000249224700006,0002-9947,2007
13,410465300001,0385-4035,000277820600005,0040-8735,2010
14,410465300001,0385-4035,000316816900018,0017-0895,2013
15,410465300001,0385-4035,000292158400001,0232-704X,2011
16,410465300001,0385-4035,000332790500017,0046-5755,2014
17,410465300001,0385-4035,000313870000032,1422-6383,2013
18,410465300001,0385-4035,000309619600006,0026-2285,2012
19,410465300001,0385-4035,A1975V821500005,0025-5645,1975
20,410465300002,0385-4035,000289746100007,0021-8693,2011
21,410465300002,0385-4035,000167013200017,0021-8693,2001
22,410465300002,0385-4035,000252928600001,0092-7872,2008
23,410465300002,0385-4035,000237602900003,1431-0643,2006
24,410465300002,0385-4035,000232081100007,0002-9939,2006
25,410465300002,0385-4035,000234551800007,1431-0643,2005
26,410465300002,0385-4035,A1972L448600001,0001-8708,1972
27,410465300002,0385-4035,A1985ABF5800016,0021-8693,1985
28,410465300002,0385-4035,A1984ACL1700001,0075-8434,1984
29,410465300003,0385-4035,A1995TC31600010,0025-5521,1995
30,410465300003,0385-4035,A1994PA43800026,0002-9939,1994
31,410465300003,0385-4035,000185912900001,0065-9266,2003
32,410465300004,0385-4035,000350943500010,0030-6126,2015
33,410465300004,0385-4035,000343015900004,0387-3870,2014
34,410465300005,0385-4035,000090005300005,0022-0396,2000
35,410465300005,0385-4035,A1979HA99100014,0025-2611,1979
36,410465300005,0385-4035,A1980KB87900002,0010-3640,1980
37,410465300005,0385-4035,000340940000015,0362-546X,2014
38,410465300005,0385-4035,A1992JE17300012,0252-9599,1992
39,399258900001,0385-4035,A1991GP65700006,0024-6115,1991
40,399258900001,0385-4035,000228671800008,0030-6126,2005
41,399258900001,0385-4035,000281176100006,0040-8735,2010
42,399258900002,0385-4035,000343237600003,1023-6198,2014
43,399258900002,0385-4035,A1974V237200003,0036-1445,1974
44,399258900002,0385-4035,A1985AFR9200003,0001-5962,1985
45,399258900002,0385-4035,000351303400006,0066-2216,2015
46,399258900003,0385-4035,000291618300007,1678-7544,2011
47,399258900003,0385-4035,000290703600004,0386-5991,2011
48,399258900003,0385-4035,A1977CU35600001,0025-5831,1977
49,399258900003,0385-4035,A1997YE73000007,0004-2080,1997
50,399258900003,0385-4035,A1996VC39900005,0025-5831,1996
51,399258900003,0385-4035,A1974U804000010,0002-9327,1974
52,399258900003,0385-4035,A19679658400007,0025-5645,1967
53,399258900003,0385-4035,000282230200019,0017-0895,2010
54,399258900003,0385-4035,000261664400009,0030-6126,2008
55,399258900004,0385-4035,A19614661A00005,0003-486X,1961
56,399258900004,0385-4035,A19679658400008,0025-5645,1967
57,399258900005,0385-4035,A1991FR93800012,0024-6107,1991
58,399258900005,0385-4035,A1990CR23600021,0002-9939,1990
59,399258900005,0385-4035,000236417800005,1239-629X,2006
60,399258900005,0385-4035,000082072600006,0024-6107,1998
61,399258900005,0385-4035,A1983QL73700004,0012-7094,1983
62,399258900005,0385-4035,000229111200015,0002-9939,2005
63,399258900005,0385-4035,000356515800005,1050-6926,2015
64,399258900005,0385-4035,000221289900027,0001-4346,2004
65,399258900005,0385-4035,A1969C548700030,0002-9947,1969
66,399258900005,0385-4035,000089633400028,0001-4346,2000
67,399258900005,0385-4035,000186901500006,0030-8730,2003
68,399258900005,0385-4035,A1984TN73200005,0001-8708,1984
69,399258900005,0385-4035,000081500400008,0025-5521,1999
70,399258900005,0385-4035,000074553900006,0025-5521,1997
71,399258900005,0385-4035,A1997XU32600002,0039-3223,1997
72,399258900005,0385-4035,A1996VQ95900011,0025-5521,1996
73,399258900005,0385-4035,A1997XH83400015,0004-9727,1997
74,399258900005,0385-4035,A1984ADJ6100029,0075-8434,1984
75,399258900005,0385-4035,A1988L900800011,0030-8730,1988
76,399258900006,0385-4035,000330717400002,0308-1087,2014
77,399258900006,0385-4035,000081612000004,0021-8693,1999
78,399258900006,0385-4035,000325788500007,0092-7872,2014
79,399258900006,0385-4035,000338187500008,0031-5303,2014
80,399258900007,0385-4035,000285068600019,0046-5755,2010
81,399258900007,0385-4035,000242536600015,0166-8641,2007
82,399258900007,0385-4035,000275944500002,0926-2245,2010
83,399258900007,0385-4035,000319515100011,1422-6383,2013
84,399258900007,0385-4035,000248782200004,0305-0041,2007
85,399258900007,0385-4035,000243200700016,1472-2739,2006
86,399258900007,0385-4035,000344037000002,0019-2082,2013
87,399258900007,0385-4035,000266472000003,0019-2082,2008
88,399258900007,0385-4035,000297176000001,0025-5831,2011
89,418416500001,0385-4035,000073581900001,0001-5962,1998
90,418416500001,0385-4035,A1988Q380500006,0373-0956,1988
91,418416500001,0385-4035,A1982PR31200001,0030-6126,1982
92,418416500001,0385-4035,000228573600020,0022-247X,2005
93,418416500001,0385-4035,000208670000002,0532-8721,2005
94,418416500001,0385-4035,000319025400008,0025-5645,2013
95,418416500001,0385-4035,000222415400003,0027-7630,2004
96,418416500001,0385-4035,A1993NC41600010,0030-6126,1993
97,418416500001,0385-4035,A1977EG83700006,0386-2194,1977
98,418416500001,0385-4035,A1982NE43300001,0010-3640,1982
99,418416500001,0385-4035,A1978GH56800003,0010-3640,1978
100,418416500001,0385-4035,A1979GP47700004,0012-7094,1979
101,418416500001,0385-4035,000173487100008,0034-5318,2001
102,418416500001,0385-4035,A1996VX51500002,0034-5318,1996
103,418416500001,0385-4035,A1977DQ07000004,0010-3640,1977
104,418416500001,0385-4035,A19668795500006,0010-3640,1966
105,418416500001,0385-4035,A19619047A00026,0010-3640,1961
106,418416500001,0385-4035,000075754700008,0022-0396,1998
107,418416500001,0385-4035,000173194400005,0025-5874,2001
108,418416500001,0385-4035,000270167900008,0030-6126,2009
109,418416500001,0385-4035,A1979JA70400007,0012-7094,1979
110,418416500001,0385-4035,A1969F061700004,0010-3640,1969
111,418416500001,0385-4035,000170342900008,0022-0396,2001
112,418416500001,0385-4035,000266256800001,0022-0396,2009
113,418416500001,0385-4035,A1977DA15600009,0022-0396,1977
114,418416500002,0385-4035,000078754600004,0232-704X,1999
115,418416500002,0385-4035,000077689900003,0926-2245,1998
116,418416500002,0385-4035,A1990CW44000004,0040-8735,1990
117,418416500002,0385-4035,A1995RM02500009,0025-2611,1995
118,418416500002,0385-4035,000282702900002,0020-9910,2010
119,418416500002,0385-4035,000273495600005,0001-8708,2010
120,418416500002,0385-4035,000290108100008,0305-0041,2011
121,418416500002,0385-4035,000079785300001,1019-8385,1998
122,418416500002,0385-4035,000329213200001,0075-4102,2014
123,418416500002,0385-4035,000246201700001,1340-6116,2007
124,418416500002,0385-4035,000256028300005,0025-5874,2008
125,418416500002,0385-4035,A1986D975000001,0075-8434,1986
126,418416500002,0385-4035,000288618200005,0002-9947,2011
127,418416500002,0385-4035,A1983RR51300008,0002-9947,1983
128,418416500002,0385-4035,000249629300002,0024-6107,2007
129,418416500002,0385-4035,A1994NJ19400004,0025-5874,1994
130,418416500002,0385-4035,000270073200004,1058-6458,2009
131,418416500003,0385-4035,000258826100001,1072-947X,2008
132,418416500003,0385-4035,000273638300007,0022-1236,2010
133,418416500003,0385-4035,000305717000032,0022-247X,2012
134,418416500003,0385-4035,000310298200001,2090-8997,2012
135,418416500003,0385-4035,000275819200016,0002-9947,2010
136,418416500003,0385-4035,000173861800005,0001-8708,2002
137,418416500003,0385-4035,000180589600009,0022-2518,2002
138,418416500003,0385-4035,000248397000017,1331-4343,2007
139,418416500003,0385-4035,000275526500010,1005-1031,2010
140,418416500003,0385-4035,000285688900004,0018-2079,2010
141,418416500003,0385-4035,000279091600002,0972-6802,2010
142,418416500003,0385-4035,000264422600013,1139-1138,2009
143,418416500003,0385-4035,A1991HH15000003,0011-4642,1991
144,418416500003,0385-4035,000291693200013,1005-1031,2011
145,418416500003,0385-4035,000337202300007,1439-8516,2014
146,418416500003,0385-4035,000301827200001,0022-1236,2012
147,418416500003,0385-4035,000221580800012,1331-4343,2004
148,418416500003,0385-4035,000323105400006,0378-620X,2013
149,418416500003,0385-4035,000337425400001,2314-8896,2014
150,418416500003,0385-4035,000309376100008,1027-5487,2012
151,418416500004,0385-4035,000351418400009,0304-9914,2015
152,418416500004,0385-4035,000258688400020,0092-7872,2008
153,418416500004,0385-4035,000246641200019,0022-4049,2007
154,418416500004,0385-4035,000081612000004,0021-8693,1999
155,418416500004,0385-4035,000340395800005,0092-7872,2015
156,418416500004,0385-4035,000325788500007,0092-7872,2014
157,418416500004,0385-4035,A1964WX36200004,0025-5831,1964
158,418416500004,0385-4035,000341067100014,0008-4395,2014
159,418416500004,0385-4035,000176991200024,0092-7872,2002
160,418416500004,0385-4035,000338187500008,0031-5303,2014
161,418416500005,0385-4035,000330717400002,0308-1087,2014
162,418416500005,0385-4035,000325788500007,0092-7872,2014
163,418416500005,0385-4035,A1964WX36200004,0025-5831,1964
164,418416500005,0385-4035,000316073300010,0236-5294,2013
165,418416500005,0385-4035,000341067100014,0008-4395,2014
166,418416500005,0385-4035,000399258900006,0385-4035,2017
167,418416500005,0385-4035,000338187500008,0031-5303,2014
168,418416500006,0385-4035,A1983SE47500005,0037-9484,1983
169,418416500006,0385-4035,000167263400007,1056-3911,2001
170,418416500006,0385-4035,A1984SV67300007,0075-8434,1984
171,418416500006,0385-4035,000310994600031,0025-5874,2012
172,418416500006,0385-4035,000088245800005,0129-167X,2000
173,418416500006,0385-4035,A1995QV72400015,0003-889X,1995
174,418416500006,0385-4035,A1985APF5900011,0003-889X,1985
175,418416500006,0385-4035,000315215100002,0024-6115,2013
176,418416500006,0385-4035,000256517300008,1435-9855,2008
177,418416500006,0385-4035,A1977DY91100007,0020-9910,1977
178,418416500006,0385-4035,A1976CC71700003,0020-9910,1976
179,418416500006,0385-4035,A1988M428600004,0003-486X,1988
180,418416500006,0385-4035,A1973R418500008,0002-9327,1973
181,418416500006,0385-4035,A1977DH08300008,0027-8424,1977
182,418416500006,0385-4035,000081867800001,0025-5645,1999
183,418416500007,0385-4035,000071644100006,0022-1236,1997
184,418416500007,0385-4035,000087574200012,0022-247X,2000
185,418416500007,0385-4035,A1991FY18100016,0022-2488,1991
186,418416500007,0385-4035,000089514600003,0010-3616,2000
187,418416500007,0385-4035,000080692800001,0129-055X,1999
188,418416500007,0385-4035,000174545900006,1424-0637,2002
189,418416500007,0385-4035,000088884600002,1424-0637,2000
190,418416500007,0385-4035,000265208500002,0129-055X,2009
191,418416500007,0385-4035,000278134600001,0377-9017,2010
192,418416500007,0385-4035,A1968C614700069,0031-899X,1968
193,418416500007,0385-4035,000170878800006,0020-9910,2001
194,418416500007,0385-4035,000287811800002,0022-2488,2011
195,418416500007,0385-4035,000229860900010,0022-1236,2005
196,418416500007,0385-4035,000340319800007,0034-5318,2014
197,418416500007,0385-4035,000285985100003,0385-4035,2010
198,418416500007,0385-4035,000267599900010,0022-2488,2009
199,418416500008,0385-4035,000374147100005,0143-3857,2016
200,418416500009,0385-4035,000330184500003,0385-4035,2013
201,418416500009,0385-4035,A1988M631700007,0024-6107,1988
202,418416500009,0385-4035,A1986D425500002,0308-2105,1986
203,418416500009,0385-4035,000297554700001,1417-3875,2011
204,418416500009,0385-4035,000325592000003,1370-1444,2013
205,388910900001,0385-4035,000297282800003,1793-5253,2010
206,388910900001,0385-4035,000261911300003,0012-7094,2009
207,388910900001,0385-4035,000328947200001,1793-5253,2013
208,388910900001,0385-4035,000288112000003,0012-9593,2010
209,388910900001,0385-4035,000282753200009,1364-0380,2010
210,388910900001,0385-4035,000265532600003,0030-8730,2009
211,388910900001,0385-4035,000235524600001,0022-040X,2005
212,388910900001,0385-4035,A1989T377800003,0010-3616,1989
213,388910900001,0385-4035,A1988Q656500009,0022-040X,1988
214,388910900001,0385-4035,000223442500001,1073-7928,2004
215,388910900001,0385-4035,A1976CQ75600011,0010-3640,1976
216,388910900001,0385-4035,A1978ER04900002,0010-3640,1978
217,388910900001,0385-4035,000319471500005,1753-8416,2013
218,388910900001,0385-4035,000179306900005,1016-443X,2002
219,388910900001,0385-4035,000084590100003,1016-443X,1999
220,388910900002,0385-4035,A1990DU85600005,0379-4024,1990
221,388910900002,0385-4035,000336224300010,1735-8787,2014
222,388910900002,0385-4035,A1987J943100015,0002-9939,1987
223,388910900002,0385-4035,A1989AA83500003,0386-2194,1989
224,388910900002,0385-4035,000312344000002,1735-8787,2013
225,388910900002,0385-4035,A1982NF04800003,0025-5831,1982
226,388910900002,0385-4035,A1975AP85700027,0002-9939,1975
227,388910900002,0385-4035,000307916100022,0024-3795,2012
228,388910900002,0385-4035,A1996UC15400021,0002-9939,1996
229,388910900002,0385-4035,000087587100008,0378-620X,2000
230,388910900003,0385-4035,A1955WY87400001,0010-3640,1955
231,388910900003,0385-4035,A1955WY87500001,0010-3640,1955
232,388910900003,0385-4035,000273683600021,0021-2172,2009
233,388910900003,0385-4035,000247154400011,1006-9283,2007
234,388910900003,0385-4035,A1988P800000003,0021-8693,1988
235,388910900003,0385-4035,000174179700006,0041-7084,2002
236,388910900003,0385-4035,A1992HH83600001,0002-9939,1992
237,388910900003,0385-4035,A19624663A00011,0003-486X,1962
238,388910900003,0385-4035,A1981LU17000018,0021-8693,1981
239,388910900004,0385-4035,000083275900006,0046-5755,1999
240,388910900004,0385-4035,000085352100015,0017-0895,2000
241,388910900005,0385-4035,000188772000001,0012-9593,2003
242,388910900005,0385-4035,000177260800002,0030-8730,2002
243,388910900005,0385-4035,000251571800002,1661-7207,2007
244,388910900005,0385-4035,A1973Q003400002,0003-486X,1973
245,388910900005,0385-4035,A1972O179700001,0020-9910,1972
246,388910900005,0385-4035,000176408000005,0012-9593,2002
247,388910900005,0385-4035,000083696200004,0024-6115,1999
248,388910900005,0385-4035,A1972O179700002,0020-9910,1972
249,388910900005,0385-4035,000251733500008,1435-9855,2007
250,388910900005,0385-4035,000083370200003,0030-8730,1999
251,388910900005,0385-4035,A1969D852000011,0033-5606,1969
252,388910900005,0385-4035,000322890800011,1661-7207,2013
253,388910900005,0385-4035,000178547600002,1631-073X,2002
254,388910900005,0385-4035,000292382700004,1661-7207,2011
255,388910900006,0385-4035,A1980LA48800005,0166-218X,1980
256,388910900007,0385-4035,000307136700011,0025-5645,2012
257,388910900007,0385-4035,A1982NZ63400003,0008-414X,1982
258,388910900007,0385-4035,000258750500003,0082-0717,2008
259,388910900008,0385-4035,000239248400001,0026-9255,2006
260,388910900008,0385-4035,000343638000023,0926-2245,2014
261,388910900008,0385-4035,000248792900015,1370-1444,2007
262,388910900008,0385-4035,000231514000020,1439-8516,2005
263,388910900008,0385-4035,A1976CN60800002,0001-8708,1976
264,388910900008,0385-4035,000349291400012,1660-5446,2015
265,374705200001,0385-4035,000178145500002,1056-3911,2002
266,374705200001,0385-4035,000167876600002,0894-0347,2001
267,374705200001,0385-4035,000223574800002,0012-7094,2004
268,374705200001,0385-4035,000236626800001,0012-7094,2005
269,374705200001,0385-4035,A1988L706300003,0003-486X,1988
270,374705200001,0385-4035,000251712800001,0217-751X,2007
271,374705200001,0385-4035,A1994QE54800006,0033-5606,1994
272,374705200001,0385-4035,A1989AQ95400005,0024-6107,1989
273,374705200001,0385-4035,000169023700002,0012-7094,2001
274,374705200001,0385-4035,A1996UR14600003,0894-0347,1996
275,374705200001,0385-4035,000271699900001,0001-8708,2010
276,374705200001,0385-4035,A1992HF45200005,0020-9910,1992
277,374705200002,0385-4035,000343727400005,0377-9017,2014
278,374705200002,0385-4035,000270167900011,0030-6126,2009
279,374705200002,0385-4035,A1981MB95500012,0030-8730,1981
280,374705200003,0385-4035,000084600300004,0022-4049,1999
281,374705200003,0385-4035,000308567000016,0271-4132,2012
282,374705200003,0385-4035,A1979GR57100011,0021-8693,1979
283,374705200004,0385-4035,000178740300002,0003-889X,2002
284,374705200004,0385-4035,000237334700005,0925-9899,2006
285,374705200004,0385-4035,000267583900005,0195-6698,2009
286,374705200004,0385-4035,000254849100004,0925-9899,2008
287,374705200004,0385-4035,A1980JX14000002,0092-7872,1980
288,374705200004,0385-4035,A1977EE67600004,0001-8708,1977
289,374705200004,0385-4035,A1987L154600008,0092-7872,1987
290,374705200005,0385-4035,A1986C054300001,0747-7171,1986
291,374705200005,0385-4035,A1994BD17J00003,0076-0552,1994
292,374705200005,0385-4035,000361411700024,0021-8693,2015
293,374705200005,0385-4035,000325235500005,0532-8721,2013
294,374705200005,0385-4035,000268832900001,0532-8721,2009
295,374705200005,0385-4035,000304332800008,1340-6116,2012
296,374705200005,0385-4035,000290462800009,1340-6116,2011
297,374705200005,0385-4035,000246201700006,1340-6116,2007
298,374705200005,0385-4035,000346123300002,0030-6126,2014
299,374705200006,0385-4035,000222711100005,0362-546X,2004
300,374705200006,0385-4035,000169817000005,0898-1221,2001
301,374705200006,0385-4035,A1979HC18100002,0020-9910,1979
302,374705200006,0385-4035,000244633600003,0898-1221,2006
303,374705200006,0385-4035,000247589200001,1687-1839,2007
304,374705200006,0385-4035,000285286200010,0096-3003,2011
305,374705200006,0385-4035,000316342500008,1023-6198,2013
306,374705200006,0385-4035,000298660000039,0895-7177,2012
307,374705200006,0385-4035,A1994NB80100010,0022-0396,1994
308,374705200006,0385-4035,A1981LR08000001,0022-0396,1981
309,374705200006,0385-4035,000228560800012,1078-0947,2005
310,374705200006,0385-4035,000288396900015,1452-8630,2011
311,374705200006,0385-4035,000186099700010,0024-6107,2003
312,374705200006,0385-4035,000183667900008,1006-9283,2003
313,374705200006,0385-4035,A1993LF12400014,0022-247X,1993
314,374705200006,0385-4035,000182274000021,0022-247X,2003
315,374705200006,0385-4035,000167292900001,0898-1221,2001
316,374705200006,0385-4035,000169076800016,0167-8019,2001
317,374705200006,0385-4035,A1994NG06900016,0035-7596,1994
318,374705200006,0385-4035,000078640600002,0898-1221,1999
319,374705200006,0385-4035,A1980KK34400003,0010-3640,1980
320,374705200006,0385-4035,A1978ER04900002,0010-3640,1978
321,374705200006,0385-4035,A1997XW86500012,0022-1236,1997
322,374705200006,0385-4035,000081241000011,0898-1221,1999
323,374705200006,0385-4035,A1996WB23700013,0022-247X,1996
324,374705200006,0385-4035,000168456900014,0022-247X,2001
325,374705200006,0385-4035,000242950700002,0022-0396,2006
326,374705200006,0385-4035,000075893900008,0022-247X,1998
327,374705200006,0385-4035,000225263700012,0308-2105,2004
328,374705200006,0385-4035,000286201100009,1674-7283,2011
329,374705200007,0385-4035,000242759600009,0960-0779,2007
330,374705200007,0385-4035,A1991FB79700008,0022-460X,1991
331,374705200007,0385-4035,A1992JD72100003,0167-2789,1992
332,374705200007,0385-4035,A1994NA92100027,1063-651X,1994
333,374705200007,0385-4035,A1995QM00500009,0022-5193,1995
334,374705200007,0385-4035,000075094300002,1549-8328,1998
335,378637800001,0385-4035,000174912600014,0024-6093,2002
336,378637800001,0385-4035,000268265100008,0022-1236,2009
337,378637800001,0385-4035,000267364700005,1424-0637,2009
338,378637800001,0385-4035,000267364700006,1424-0637,2009
339,378637800001,0385-4035,A1969D146800003,0025-5645,1969
340,378637800001,0385-4035,A1979HP33000009,0012-7094,1979
341,378637800001,0385-4035,000169860500002,0129-055X,2001
342,378637800001,0385-4035,000083964100004,0039-3223,1999
343,378637800001,0385-4035,000251987900022,0022-2488,2007
344,378637800001,0385-4035,000236647100003,0377-9017,2006
345,378637800001,0385-4035,000289154100002,0129-055X,2011
346,378637800001,0385-4035,000169128300006,0377-9017,2000
347,378637800001,0385-4035,A1974U284200006,0020-2339,1974
348,378637800001,0385-4035,000253107900005,0030-6126,2007
349,378637800001,0385-4035,000231501200011,0010-3616,2005
350,378637800002,0385-4035,A1947UN73900002,0002-9947,1947
351,378637800002,0385-4035,000272840900008,1093-6106,2009
352,378637800002,0385-4035,000289109300011,0021-2172,2011
353,378637800003,0385-4035,A1980LA97300001,0003-9527,1980
354,378637800003,0385-4035,A1991EP86100006,0030-8730,1991
355,378637800003,0385-4035,000326580100017,0002-9939,2014
356,378637800003,0385-4035,000275911100005,1079-9389,2010
357,378637800003,0385-4035,000278512900016,0002-9939,2010
358,378637800003,0385-4035,000086787800013,0030-8730,2000
359,378637800003,0385-4035,A1985AFP6900014,0305-0041,1985
360,378637800003,0385-4035,A1981ME41200005,0022-0396,1981
361,378637800003,0385-4035,A1976CE19200003,0024-6115,1976
362,378637800004,0385-4035,000351416300002,0214-1493,2015
363,378637800004,0385-4035,A1985ANH6200004,0010-2571,1985
364,378637800004,0385-4035,000250685600006,0001-8708,2007
365,378637800004,0385-4035,000165757700009,0022-2518,2000
366,378637800004,0385-4035,000083091700013,1073-2780,1999
367,378637800004,0385-4035,000334969900022,0001-8708,2014
368,378637800004,0385-4035,000297184800012,0001-8708,2012
369,378637800004,0385-4035,A1973Q017300012,0002-9947,1973
370,378637800004,0385-4035,000334130600007,0271-4132,2014
371,378637800004,0385-4035,000306062200009,0003-486X,2012
372,378637800004,0385-4035,000346107600001,0012-7094,2014
373,378637800004,0385-4035,000321732800002,1073-7928,2013
374,378637800004,0385-4035,000327212900005,0021-7670,2013
375,378637800004,0385-4035,000327212900010,0021-7670,2013
376,378637800004,0385-4035,A1983QL75700015,0002-9939,1983
377,378637800004,0385-4035,A1994PJ18200013,0022-2518,1994
378,378637800004,0385-4035,A1994NL45800007,0024-6107,1994
379,378637800004,0385-4035,A1982PU85500001,0039-3223,1982
380,378637800004,0385-4035,A1988Q499000004,0002-9947,1988
381,378637800004,0385-4035,000072996400003,0213-2230,1997
382,378637800004,0385-4035,A1996UX16300009,0022-1236,1996
383,378637800005,0385-4035,000296088900003,1937-0652,2011
384,378637800005,0385-4035,000290357400014,0021-8693,2011
385,378637800005,0385-4035,000275288900013,0021-8693,2010
386,378637800005,0385-4035,000317023100006,0021-8693,2013
387,378637800005,0385-4035,A1954YC17100019,0012-7094,1954
388,378637800005,0385-4035,A19668743300003,0025-5645,1966
389,378637800005,0385-4035,A1968C325300008,0027-7630,1968
390,378637800005,0385-4035,000185640500005,0001-8708,2003
391,378637800005,0385-4035,000253680500010,0927-2852,2008
392,378637800005,0385-4035,000304651200011,1895-1074,2012
393,378637800005,0385-4035,000327288200017,0022-4049,2014
394,378637800005,0385-4035,000255006100018,0022-4049,2008
395,378637800005,0385-4035,000253017600003,0002-9939,2008
396,378637800006,0385-4035,A1979HP33000009,0012-7094,1979
397,378637800006,0385-4035,A1986A770100007,0010-3616,1986
398,378637800006,0385-4035,A1973P530000001,0022-247X,1973
399,378637800006,0385-4035,000318551900040,0022-2488,2013
400,378637800007,0385-4035,000295306900002,0027-7630,2011
401,378637800007,0385-4035,000361457000004,0030-6126,2015
402,378637800007,0385-4035,000288592200008,0002-9939,2011
403,378637800007,0385-4035,A1972M081100001,0020-9910,1972
404,367966200001,0385-4035,A1988N021800001,0020-9910,1988
405,367966200001,0385-4035,000227724300002,0373-0956,2004
406,367966200001,0385-4035,000185008400002,0010-437X,2003
407,367966200001,0385-4035,000307173400008,1073-7928,2012
408,367966200001,0385-4035,A1976BL07200001,0020-9910,1976
409,367966200001,0385-4035,A1995QK28200003,0010-437X,1995
410,367966200001,0385-4035,000084622200006,0373-0956,1999
411,367966200001,0385-4035,000318530500001,1073-7928,2013
412,367966200001,0385-4035,000290545000021,0025-5874,2011
413,367966200001,0385-4035,000340319800002,0034-5318,2014
414,367966200001,0385-4035,000073423700005,0034-5318,1997
415,367966200001,0385-4035,A1990DM40900002,0034-5318,1990
416,367966200001,0385-4035,A1988AE58700002,0034-5318,1988
417,367966200001,0385-4035,A1995TT14700007,0012-7094,1995
418,367966200002,0385-4035,000071842600004,0012-7094,1998
419,367966200002,0385-4035,A1978EX96100009,0012-365X,1978
420,367966200003,0385-4035,000306389100005,0030-6126,2012
421,367966200003,0385-4035,A1983RW66000003,0021-8693,1983
422,367966200003,0385-4035,000186959600001,0001-8708,2003
423,367966200003,0385-4035,000221485400008,1056-3911,2004
424,367966200003,0385-4035,000174386300002,0021-8693,2002
425,367966200003,0385-4035,A1997WW08000002,0025-2611,1997
426,367966200004,0385-4035,000328487500006,0010-437X,2013
427,367966200004,0385-4035,000344048900003,1056-3911,2013
428,367966200004,0385-4035,000330486700002,0386-2194,2014
429,367966200004,0385-4035,000301033900004,0386-2194,2011
430,367966200004,0385-4035,000285736200005,0386-2194,2010
431,367966200004,0385-4035,000285736100002,0386-2194,2010
432,367966200004,0385-4035,000317021600006,1340-5705,2012
433,367966200004,0385-4035,A1973R684200002,0020-9910,1973
434,367966200004,0385-4035,000302696200001,0020-9910,2012
435,367966200004,0385-4035,A1984AAC1400003,0012-7094,1984
436,367966200006,0385-4035,A1983RK36200001,0002-9939,1983
437,367966200006,0385-4035,A1979HH69700001,0020-9910,1979
438,367966200006,0385-4035,A1996VU14300018,0025-5858,1996
439,367966200006,0385-4035,A1995RE14400008,0075-4102,1995
440,367966200006,0385-4035,A1996VR60400004,0025-5645,1996
441,367966200006,0385-4035,A19645619B00002,0025-5645,1964
442,367966200006,0385-4035,A1997YF85300004,0025-5645,1997
443,367966200007,0385-4035,000071644100006,0022-1236,1997
444,367966200007,0385-4035,A1983PY45000014,0305-4470,1983
445,367966200007,0385-4035,000184163900003,0129-055X,2003
446,367966200007,0385-4035,000254235000007,0010-3616,2008
447,367966200007,0385-4035,000258784900002,0129-055X,2008
448,367966200007,0385-4035,000174545900007,1424-0637,2002
449,367966200007,0385-4035,A19645661B00015,0022-2488,1964
450,367966200008,0385-4035,A1975BA83000001,0004-2080,1975
451,367966200008,0385-4035,A1977EB89400004,0001-5962,1977
452,367966200008,0385-4035,A1980JS76500004,0022-1236,1980
453,367966200008,0385-4035,A1980KH13100002,0273-0979,1980
454,367966200008,0385-4035,A1976CL74700005,0039-3223,1976
455,367966200008,0385-4035,A1986F484300007,0022-2518,1986
456,367966200008,0385-4035,A1990DN64700008,0027-7630,1990
457,367966200008,0385-4035,A1987L573000003,0027-7630,1987
458,367966200009,0385-4035,A1982NR60300004,0033-5606,1982
459,367966200009,0385-4035,000295431200002,0926-2245,2011
460,367966200009,0385-4035,000321130600018,0139-9918,2013
461,367966200009,0385-4035,A1982PC28900001,0025-5874,1982
462,367966200005,0385-4035,A1992KJ08900001,0003-889X,1992
463,367966200005,0385-4035,000321394400011,1005-3867,2013
464,367966200005,0385-4035,000337684000008,0092-7872,2014
465,367966200005,0385-4035,000297048500020,0092-7872,2011
466,360101600001,0385-4035,000208513500011,0373-3114,1999
467,360101600001,0385-4035,A1988L416000005,0030-8730,1988
468,360101600001,0385-4035,000297888500009,0019-3577,2011
469,360101600001,0385-4035,A1979GH13900006,0025-5831,1979
470,360101600001,0385-4035,000071795100003,0025-2611,1998
471,360101600002,0385-4035,000305103800009,0022-2518,2011
472,360101600002,0385-4035,A1979HL31200002,0010-3616,1979
473,360101600002,0385-4035,000299980700008,0196-8858,2012
474,360101600003,0385-4035,000305717000032,0022-247X,2012
475,360101600003,0385-4035,A1993MJ65300004,0039-3223,1993
476,360101600003,0385-4035,000220865300017,1239-629X,2004
477,360101600003,0385-4035,000290282500001,0075-8434,2011
478,360101600003,0385-4035,000254847100002,1439-8516,2008
479,360101600003,0385-4035,A1989AQ95400011,0024-6107,1989
480,360101600003,0385-4035,A1994PP78900007,0024-6115,1994
481,360101600003,0385-4035,A1968C107600001,0095-9057,1968
482,360101600003,0385-4035,000224083800013,1027-5487,2004
483,360101600003,0385-4035,A1993MB22900005,0360-5302,1993
484,360101600003,0385-4035,A1997XE13200003,0926-2601,1997
485,360101600003,0385-4035,000305478800004,1139-1138,2012
486,360101600005,0385-4035,A1975V631600001,0025-5831,1975
487,360101600005,0385-4035,A1992JW77300008,0305-0041,1992
488,360101600005,0385-4035,A1982QA02100009,0024-6107,1982
489,360101600005,0385-4035,A1983QW33400016,0024-6107,1983
490,360101600005,0385-4035,000258473700002,0033-5606,2008
491,360101600005,0385-4035,A1995RL06000013,0308-2105,1995
492,360101600005,0385-4035,A1995QN78900003,0305-0041,1995
493,360101600005,0385-4035,000267348000007,0305-0041,2009
494,360101600006,0385-4035,A1969D718600054,0002-9939,1969
495,360101600006,0385-4035,000287060600002,0025-5645,2011
496,360101600006,0385-4035,000263214000004,0926-2245,2009
497,360101600006,0385-4035,000289652100005,1093-6106,2011
498,360101600006,0385-4035,000334325500002,0385-4035,2014
499,360101600006,0385-4035,000171881600004,0002-9947,2002
500,360101600006,0385-4035,A1987K735500002,0010-437X,1987
501,360101600006,0385-4035,A1968B495300004,0003-486X,1968
502,360101600007,0385-4035,000239038500004,1536-0040,2006
503,360101600007,0385-4035,000232193700007,0960-0779,2006
504,360101600007,0385-4035,000183890600005,1230-1612,2003
505,360101600007,0385-4035,A1982PQ87900002,0375-9601,1982
506,360101600007,0385-4035,A1987G682100014,0167-2789,1987
507,360101600007,0385-4035,A1976CE59300006,0010-3616,1976
508,360101600007,0385-4035,000071043500043,1063-651X,1997
509,360101600007,0385-4035,A1983RH00500008,0010-3616,1983
510,360101600007,0385-4035,A1994NV44300008,0143-3857,1994
511,360101600007,0385-4035,A1986E120300007,0010-3616,1986
512,360101600007,0385-4035,A1985ARY8200001,0010-3616,1985
513,353436000001,0385-4035,A1970H820500009,0017-0895,1970
514,353436000001,0385-4035,A1958XF40600003,0095-9057,1958
515,353436000002,0385-4035,000224594700001,0096-3003,2004
516,353436000002,0385-4035,000307015900001,1687-1847,2011
517,353436000002,0385-4035,000322091300041,0381-7032,2013
518,353436000002,0385-4035,000303745400001,1026-0226,2012
519,353436000002,0385-4035,000293569800001,1026-0226,2011
520,353436000002,0385-4035,000315699900008,1521-1398,2013
521,353436000002,0385-4035,000298660000009,0895-7177,2012
522,353436000002,0385-4035,000326271800002,1687-1847,2013
523,353436000002,0385-4035,000287553200003,0898-1221,2011
524,353436000002,0385-4035,000303700100005,0898-1221,2012
525,353436000002,0385-4035,000300908400001,1687-1847,2011
526,353436000002,0385-4035,000298439000001,1026-0226,2011
527,353436000002,0385-4035,000286458200070,0895-7177,2011
528,353436000002,0385-4035,000315700500019,1521-1398,2013
529,353436000002,0385-4035,000247191700093,0096-3003,2007
530,353436000002,0385-4035,000240566000003,0022-247X,2006
531,353436000002,0385-4035,000297375100039,0096-3003,2011
532,353436000002,0385-4035,000305315400008,1220-3874,2012
533,353436000002,0385-4035,000300621900015,0895-7177,2012
534,353436000002,0385-4035,000235539900016,0096-3003,2005
535,353436000002,0385-4035,000229349600021,0022-247X,2005
536,353436000002,0385-4035,000238658100001,0096-3003,2006
537,353436000003,0385-4035,000075149600003,1073-2780,1998
538,353436000003,0385-4035,000351176100005,0025-5831,2015
539,353436000003,0385-4035,000401831000001,0075-4102,2017
540,353436000003,0385-4035,000272797300006,0075-4102,2009
541,353436000003,0385-4035,000179369500006,0040-8735,2002
542,353436000003,0385-4035,000170732700006,1056-3911,2001
543,353436000003,0385-4035,000082173200009,0021-8693,1999
544,353436000004,0385-4035,A1969F630900001,0002-9947,1969
545,353436000004,0385-4035,A1976BL33400067,0002-9939,1976
546,353436000004,0385-4035,000169028900008,0025-5874,2001
547,353436000004,0385-4035,A1973Q549600006,0030-8730,1973
548,353436000004,0385-4035,000273482300008,0385-4035,2009
549,353436000004,0385-4035,000286120200003,0304-9914,2011
550,353436000004,0385-4035,000324896600002,0033-3883,2013
551,353436000004,0385-4035,A1996TX15100005,0232-704X,1996
552,353436000005,0385-4035,000269389000001,1446-7887,2009
553,353436000005,0385-4035,000267844200011,1735-8515,2009
554,353436000005,0385-4035,000284613200005,0092-7872,2010
555,353436000005,0385-4035,000273123400004,1735-8515,2009
556,353436000005,0385-4035,000227740100017,0022-4049,2005
557,353436000005,0385-4035,000174827700020,0092-7872,2002
558,353436000005,0385-4035,000315175400004,0214-1493,2013
559,353436000005,0385-4035,000324406000011,1735-8515,2013
560,353436000006,0385-4035,A1994NM44700003,0012-7094,1994
561,341279500001,0385-4035,A1993MZ23000007,0143-3857,1993
562,341279500001,0385-4035,000251550800011,0025-5645,2007
563,341279500001,0385-4035,A1982NZ74900002,0273-0979,1982
564,341279500002,0385-4035,A1995QN43000005,0075-4102,1995
565,341279500002,0385-4035,A1992JE86500016,0024-6107,1992
566,341279500002,0385-4035,000079785300001,1019-8385,1998
567,341279500002,0385-4035,000287008000007,1093-6106,2010
568,341279500002,0385-4035,A1983RM96500001,0001-8708,1983
569,341279500002,0385-4035,A1982PM36900005,0001-5962,1982
570,341279500002,0385-4035,000223184500006,0002-9327,2004
571,341279500002,0385-4035,000226322400001,0025-5874,2005
572,341279500002,0385-4035,000183867300015,0024-6107,2003
573,341279500002,0385-4035,A1991HG83500005,0040-5779,1991
574,341279500002,0385-4035,A1996VR65500010,0550-3213,1996
575,341279500002,0385-4035,A1989AD01900001,0022-040X,1989
576,341279500002,0385-4035,A1985ART0300011,0002-9947,1985
577,341279500003,0385-4035,A1964XL64500003,0003-9527,1964
578,341279500003,0385-4035,000171595600051,0362-546X,2001
579,341279500003,0385-4035,000185600000004,0003-9527,2003
580,341279500003,0385-4035,000251877700005,1422-6928,2007
581,341279500004,0385-4035,A1989AE78700001,0362-1588,1989
582,341279500004,0385-4035,A1995TX52900015,0024-6107,1995
583,341279500004,0385-4035,A1986F300200014,0379-4024,1986
584,341279500004,0385-4035,A1987J358700005,0379-4024,1987
585,341279500004,0385-4035,A1983QG41200005,0024-6115,1983
586,341279500004,0385-4035,A1987J854400007,0008-414X,1987
587,341279500005,0385-4035,A1992HL66400007,0024-3795,1992
588,341279500005,0385-4035,A1983PZ82200004,0030-8730,1983
589,341279500005,0385-4035,000238549200019,0021-8693,2006
590,341279500005,0385-4035,000229805600006,0021-8693,2005
591,341279500005,0385-4035,000175847500014,0024-3795,2002
592,341279500005,0385-4035,A1993KT43200016,0024-3795,1993
593,341279500005,0385-4035,000079003500011,0024-3795,1999
594,341279500005,0385-4035,000224037300013,0021-8693,2004
595,334325500001,0385-4035,A1977DA69900002,0025-5831,1977
596,334325500001,0385-4035,A1994NM79300005,0010-437X,1994
597,334325500001,0385-4035,000247408500013,0022-314X,2007
598,334325500002,0385-4035,A1969D718600054,0002-9939,1969
599,334325500002,0385-4035,000250785800010,0046-5755,2007
600,334325500002,0385-4035,000089727500003,0926-2245,2000
601,334325500002,0385-4035,000172911100012,0030-6126,2001
602,334325500002,0385-4035,000287060600002,0025-5645,2011
603,334325500002,0385-4035,000232912500005,0030-6126,2005
604,334325500002,0385-4035,000289652100005,1093-6106,2011
605,334325500002,0385-4035,000171881600004,0002-9947,2002
606,334325500002,0385-4035,A1995TQ78900005,0022-040X,1995
607,334325500003,0385-4035,A1972N070700035,0002-9939,1972
608,334325500004,0385-4035,000081222300001,0022-1236,1999
609,334325500004,0385-4035,A1963XF78800002,0001-5962,1963
610,334325500004,0385-4035,A1980JW31600002,0039-3223,1980
611,334325500004,0385-4035,A1984SX51900008,0030-8730,1984
612,334325500004,0385-4035,A1967A260900015,0273-0979,1967
613,334325500004,0385-4035,A1980LN06900004,0039-3223,1980
614,334325500004,0385-4035,A1984SH17800010,0002-9939,1984
615,334325500004,0385-4035,000271238400004,0385-4035,2009
616,334325500006,0385-4035,000070984800002,0025-5831,1997
617,334325500006,0385-4035,000172175100001,0129-167X,2001
618,334325500006,0385-4035,A1997XH42900006,0926-2245,1997
619,334325500006,0385-4035,000079785300001,1019-8385,1998
620,334325500006,0385-4035,000282872900010,0025-5874,2010
621,334325500006,0385-4035,A1993MH90500006,0025-5645,1993
622,334325500006,0385-4035,A1981LG36700001,0003-486X,1981
623,334325500006,0385-4035,A1989AD01900001,0022-040X,1989
624,334325500008,0385-4035,A1995TY18800013,0030-6126,1995
625,334325500008,0385-4035,A1989T841200005,0075-4102,1989
626,334325500008,0385-4035,000245149100020,0002-9947,2007
627,334325500008,0385-4035,A1987G074100010,0025-5831,1987
628,334325500008,0385-4035,000079230200005,0046-5755,1999
629,334325500008,0385-4035,000245885800003,0046-5755,2006
630,334325500008,0385-4035,000263134300012,0025-5645,2009
631,334325500007,0385-4035,000070984800002,0025-5831,1997
632,334325500007,0385-4035,000172175100001,0129-167X,2001
633,334325500007,0385-4035,A1997XH42900006,0926-2245,1997
634,334325500007,0385-4035,000079785300001,1019-8385,1998
635,334325500007,0385-4035,A1993MH90500006,0025-5645,1993
636,334325500007,0385-4035,A19669105800008,0026-2285,1966
637,334325500007,0385-4035,A1989AD01900001,0022-040X,1989
638,346135200001,0385-4035,000177861700007,0213-2230,2002
639,346135200001,0385-4035,000175520300006,0360-5302,2002
640,346135200001,0385-4035,000229104500009,0022-1236,2005
641,346135200001,0385-4035,000256908300007,1424-0637,2008
642,346135200001,0385-4035,000240802800003,0022-0396,2006
643,346135200001,0385-4035,A1997XP95300005,0921-7134,1997
644,346135200001,0385-4035,000244800100002,0021-7824,2007
645,346135200001,0385-4035,000239700800014,0036-1410,2006
646,346135200001,0385-4035,A1983RU90700004,0022-1236,1983
647,346135200001,0385-4035,000080805600004,0022-1236,1999
648,346135200001,0385-4035,000279617500004,0360-5302,2010
649,346135200001,0385-4035,000282192100004,0022-0396,2010
650,346135200001,0385-4035,A1988M221400010,0022-0396,1988
651,346135200001,0385-4035,000233877500004,0022-1236,2006
652,346135200002,0385-4035,A1996UX91000005,0002-9947,1996
653,346135200002,0385-4035,A1990DB14300003,0166-8641,1990
654,346135200002,0385-4035,000231129600015,0025-5645,2005
655,346135200002,0385-4035,A1992JJ00300011,0025-5645,1992
656,346135200002,0385-4035,000074206200009,0030-8730,1998
657,346135200002,0385-4035,A1993KU13600007,0166-8641,1993
658,346135200002,0385-4035,A1993LP09400004,0166-8641,1993
659,346135200002,0385-4035,A19623004A00009,0002-9327,1962
660,346135200002,0385-4035,A19624663A00012,0003-486X,1962
661,346135200002,0385-4035,A1955WS34700003,0003-486X,1955
662,346135200003,0385-4035,A19656458500002,0002-9947,1965
663,346135200003,0385-4035,000089941500002,0246-0203,2000
664,346135200003,0385-4035,A1997XE55700007,0167-2789,1997
665,346135200003,0385-4035,000179441900016,0304-3975,2003
666,346135200003,0385-4035,000074640900004,0885-064X,1998
667,346135200003,0385-4035,000223630900001,0031-9015,2004
668,346135200003,0385-4035,000075412600074,0302-9743,1997
669,346135200003,0385-4035,000258204900011,0143-3857,2008
670,346135200003,0385-4035,000076589800001,0021-2172,1998
671,346135200003,0385-4035,A1993LM24300006,0019-3577,1993
672,346135200003,0385-4035,A1996UG82900001,0031-9007,1996
673,346135200003,0385-4035,A1985ACU4600030,0031-8949,1985
674,346135200003,0385-4035,A1983QX94000002,0034-6861,1983
675,346135200004,0385-4035,000309192600007,0022-1236,2012
676,346135200004,0385-4035,000301371900001,0921-7134,2012
677,346135200004,0385-4035,000261328600004,1424-0637,2008
678,346135200004,0385-4035,A1996UB96900006,0022-1236,1996
679,346135200004,0385-4035,000080271700011,0010-3616,1999
680,346135200004,0385-4035,000089514600003,0010-3616,2000
681,346135200004,0385-4035,A1981LL40100001,0010-3616,1981
682,346135200004,0385-4035,000265208500002,0129-055X,2009
683,346135200004,0385-4035,000261328600005,1424-0637,2008
684,346135200004,0385-4035,A1979GU35400003,0010-3616,1979
685,346135200004,0385-4035,000166037000003,1424-0637,2000
686,346135200004,0385-4035,A1974S239500001,0010-3616,1974
687,346135200004,0385-4035,A1969E528300001,0010-3616,1969
688,346135200004,0385-4035,A1969D095000005,0010-3616,1969
689,346135200004,0385-4035,000268727000002,0010-3616,2009
690,346135200004,0385-4035,A1971J891900005,0010-3640,1971
691,323859600001,0385-4035,000255112200006,0373-3114,2008
692,323859600001,0385-4035,000209134100007,1895-1074,2004
693,323859600001,0385-4035,000222845000004,0264-9381,2004
694,323859600001,0385-4035,000241867400002,0373-0956,2006
695,323859600001,0385-4035,A1996VM73300001,0025-5831,1996
696,323859600001,0385-4035,000315173000006,0391-173X,2012
697,323859600001,0385-4035,000276711500003,0021-7824,2010
698,323859600001,0385-4035,000278335300007,1435-9855,2010
699,323859600001,0385-4035,A1987G560300002,0022-040X,1987
700,323859600001,0385-4035,A1994NG01000003,0022-040X,1994
701,323859600001,0385-4035,A1992JC53500002,0025-2611,1992
702,323859600001,0385-4035,A1989T403200006,0764-4442,1989
703,323859600001,0385-4035,A1989AN99400012,0002-9947,1989
704,323859600002,0385-4035,A1994NG01000003,0022-040X,1994
705,323859600003,0385-4035,000229178000003,0046-5755,2005
706,323859600003,0385-4035,000178951000005,0046-5755,2002
707,323859600003,0385-4035,000089265500009,0024-6107,2000
708,323859600003,0385-4035,000227036800003,0362-1588,2005
709,323859600003,0385-4035,000227740100009,0022-4049,2005
710,323859600003,0385-4035,000243843000006,0362-1588,2006
711,323859600004,0385-4035,A1997WK83700006,0036-1410,1997
712,323859600004,0385-4035,A1985AJC3500005,0025-5874,1985
713,323859600004,0385-4035,000254756900003,0378-620X,2008
714,323859600004,0385-4035,000180467000026,0002-9939,2003
715,323859600004,0385-4035,000089529200011,0021-7670,2000
716,323859600004,0385-4035,A19631153B00014,0012-7094,1963
717,323859600005,0385-4035,A1993LV46000006,0010-3616,1993
718,323859600005,0385-4035,000075888400010,0951-7715,1998
719,323859600005,0385-4035,000231201400007,0143-3857,2005
720,323859600005,0385-4035,A1986F590400010,0021-7670,1986
721,323859600005,0385-4035,A1982PX06400004,0026-9255,1982
722,323859600005,0385-4035,A1987K345100007,0167-2789,1987
723,323859600005,0385-4035,000227817800011,0951-7715,2005
724,323859600005,0385-4035,A1991HD64300009,0035-7596,1991
725,323859600006,0385-4035,000275517700001,0022-4049,2010
726,323859600006,0385-4035,000174670100005,0020-9910,2002
727,323859600006,0385-4035,000293044500001,0002-9327,2011
728,323859600006,0385-4035,000073234500005,0012-7094,1998
729,323859600006,0385-4035,000307319800004,0386-2194,2012
730,323859600006,0385-4035,A1978EQ02400003,0025-5831,1978
731,323859600006,0385-4035,000177547600008,0075-4102,2002
732,323859600006,0385-4035,000276149300003,0025-5874,2010
733,323859600006,0385-4035,A1977CW71200005,0025-5874,1977
734,323859600006,0385-4035,000301564000007,0021-8693,2012
735,323859600006,0385-4035,000291485800006,0025-5831,2011
736,323859600006,0385-4035,000290642300014,0002-9947,2011
737,323859600006,0385-4035,A1988M180500001,0025-5831,1988
738,325187700001,0385-4035,000278397000010,0022-247X,2010
739,325187700001,0385-4035,000166114700022,0022-247X,2000
740,325187700001,0385-4035,000086459900016,0022-247X,2000
741,325187700002,0385-4035,A1987H820100008,0075-4102,1987
742,325187700002,0385-4035,A1984SL91800004,0025-5874,1984
743,325187700002,0385-4035,A1990EN04400004,0044-2275,1990
744,325187700002,0385-4035,000307008700009,0025-584X,2012
745,325187700002,0385-4035,A1996UT12000008,0002-9327,1996
746,325187700002,0385-4035,000184937200001,0025-584X,2003
747,325187700002,0385-4035,000075764300002,0036-1410,1998
748,325187700002,0385-4035,000228477600001,0036-1410,2005
749,325187700002,0385-4035,000276265500002,1079-9389,2010
750,325187700002,0385-4035,000259955700003,0036-1410,2008
751,325187700002,0385-4035,000176048700004,0003-486X,2002
752,325187700002,0385-4035,A1957WF83200012,0021-8979,1957
753,325187700002,0385-4035,A1997XB20200009,0030-8730,1997
754,325187700002,0385-4035,A1994PP72200011,0022-4715,1994
755,325187700002,0385-4035,000087748500015,0030-8730,2000
756,325187700002,0385-4035,A1989AH66300003,0036-1399,1989
757,325187700002,0385-4035,A1987H567400004,0036-1399,1987
758,325187700003,0385-4035,A1975AS13900015,0075-4102,1975
759,325187700003,0385-4035,000170042800006,0092-7872,2001
760,325187700004,0385-4035,000079111200009,0764-4442,1999
761,325187700005,0385-4035,000084541800005,0035-7596,1999
762,325187700005,0385-4035,A1993KM24800012,0010-3616,1993
763,325187700005,0385-4035,A1994NC43800010,0025-5831,1994
764,325187700005,0385-4035,000243158100022,0022-2488,2006
765,325187700005,0385-4035,A1995UM42500011,0022-2518,1995
766,325187700005,0385-4035,A1981LC38800002,0010-3640,1981
767,325187700005,0385-4035,000236973800008,0025-5831,2006
768,325187700005,0385-4035,A1991GB28100004,0010-3616,1991
769,325187700006,0385-4035,A1984TX03100003,0022-2518,1984
770,325187700006,0385-4035,A1961XF78100003,0001-5962,1961
771,325187700006,0385-4035,000264486500003,0025-5874,2009
772,325187700006,0385-4035,A1993KG41600010,0030-8730,1993
773,325187700007,0385-4035,A1982NP79900004,0020-9910,1982
774,325187700007,0385-4035,A1984TG69600008,0002-9947,1984
775,325187700007,0385-4035,A1988P805400002,0256-1115,1988
776,325187700008,0385-4035,A1980LJ67100002,0039-3223,1980
777,325187700008,0385-4035,000231358100012,0002-9939,2005
778,325187700008,0385-4035,A1974U888500007,0039-3223,1974
779,325187700008,0385-4035,000267575700003,0723-0869,2009
780,325187700008,0385-4035,A1971J204200008,0002-9327,1971
781,325187700008,0385-4035,A1990EA29900002,0022-1236,1990
782,325187700008,0385-4035,000208682100004,1050-6926,2001
783,325187700008,0385-4035,A1979GP47700003,0012-7094,1979
784,325187700008,0385-4035,000271378800006,0723-0869,2009
785,325187700008,0385-4035,000289918700004,0025-5521,2011
786,325187700008,0385-4035,000272090700013,0022-247X,2010
787,325187700008,0385-4035,000265300300010,0022-247X,2009
788,325187700008,0385-4035,000264747100005,0025-584X,2009
789,325187700008,0385-4035,A1978FG01000009,0039-3223,1978
790,325187700008,0385-4035,000173949600003,0022-1236,2002
791,325187700008,0385-4035,000225061000020,0271-4132,2003
792,325187700008,0385-4035,000180199200001,0002-9947,2003
793,325187700008,0385-4035,A1994NK41900007,0025-584X,1994
794,325187700008,0385-4035,000264380900001,0039-3223,2008
795,325187700008,0385-4035,A1981MZ46900005,0025-584X,1981
796,325187700008,0385-4035,000288836100007,0022-1236,2011
797,325187700008,0385-4035,000236388600031,1439-8516,2005
798,325187700008,0385-4035,000268570700001,1439-8516,2009
799,325187700008,0385-4035,000249731600008,0025-5874,2007
800,325187700008,0385-4035,000261985600001,1021-9722,2008
801,325187700008,0385-4035,A1989AV42600001,0075-8434,1989
802,325187700008,0385-4035,000229699100013,0025-584X,2005
803,325187700008,0385-4035,000281594800002,0170-4214,2010
804,325187700008,0385-4035,000266725500008,0025-584X,2009
805,325187700008,0385-4035,A1986F082700012,0002-9939,1986
806,330184500001,0385-4035,000220794100024,0092-7872,2004
807,330184500001,0385-4035,000085218800010,0092-7872,2000
808,330184500002,0385-4035,000260194200006,0018-2079,2007
809,330184500003,0385-4035,000254940400004,1009-6124,2007
810,330184500003,0385-4035,000263242100001,1417-3875,2009
811,330184500003,0385-4035,000231514000010,1439-8516,2005
812,330184500003,0385-4035,000173552000008,1439-8516,2002
813,330184500003,0385-4035,A1988M631700007,0024-6107,1988
814,330184500003,0385-4035,000267850500006,0304-9914,2009
815,330184500004,0385-4035,000166271400001,0010-2571,2000
816,330184500004,0385-4035,000179989700002,0020-9910,2003
817,330184500004,0385-4035,000182929900002,1088-9485,2003
818,330184500004,0385-4035,A1994NV44300009,0143-3857,1994
819,330184500005,0385-4035,A1980LS96600004,0016-2663,1980
820,330184500005,0385-4035,000308256000003,0373-0956,2012
821,330184500005,0385-4035,000171380200002,0002-9327,2001
822,330184500005,0385-4035,A1993MT93300004,0373-0956,1993
823,330184500005,0385-4035,000170043000015,0092-7872,2001
824,330184500005,0385-4035,000076958900005,0001-8708,1998
825,330184500005,0385-4035,000275375400003,0016-2663,2009
826,330184500005,0385-4035,A1985D275100002,0016-2663,1985
827,330184500006,0385-4035,A1982NF04800003,0025-5831,1982
828,330184500006,0385-4035,000297346100006,0378-620X,2011
829,330184500006,0385-4035,000276989900008,1736-6046,2010
830,330184500006,0385-4035,000284022300021,0002-9939,2010
831,330184500007,0385-4035,A1959WY69200004,0010-3640,1959
832,330184500007,0385-4035,A1995QY89000001,0012-7094,1995
833,330184500007,0385-4035,000235069700006,0218-2025,2006
834,330184500007,0385-4035,000254378000006,1547-1063,2008
835,330184500007,0385-4035,000277835900004,0036-1410,2010
836,330184500007,0385-4035,000245639300016,0022-247X,2007
837,330184500007,0385-4035,000084301400002,0170-4214,1999
838,330184500007,0385-4035,A1993KX22100004,0360-5302,1993
839,330184500007,0385-4035,A1995QW36100001,0003-9527,1995
840,330184500007,0385-4035,A1991GN51200002,0022-247X,1991
841,330184500008,0385-4035,A1997XF94900008,0013-0915,1997
842,330184500008,0385-4035,000307136700011,0025-5645,2012
843,330184500008,0385-4035,A1987F695100008,0003-4916,1987
844,330184500009,0385-4035,A1992BX88C00003,0075-8434,1992
845,330184500009,0385-4035,000220298100018,0092-7872,2004
846,330184500009,0385-4035,000261512600007,1615-715X,2008
847,330184500009,0385-4035,000243862300007,0022-4049,2007
848,330184500009,0385-4035,A1986D084800009,0305-0041,1986
849,330184500009,0385-4035,A1994NE14000022,0002-9947,1994
850,312611200001,0385-4035,A1990EN23800006,0025-2611,1990
851,312611200001,0385-4035,A1980JT48100004,0020-9910,1980
852,312611200001,0385-4035,000238140100007,0012-7094,2006
853,312611200001,0385-4035,A1995TL76700013,0030-8730,1995
854,312611200001,0385-4035,A1974T972200009,0002-9947,1974
855,312611200002,0385-4035,A1958WX95700006,0002-9327,1958
856,312611200002,0385-4035,000076582100004,0027-7630,1998
857,312611200002,0385-4035,000290233900005,0018-2079,2011
858,312611200002,0385-4035,000263932800010,0018-2079,2008
859,312611200002,0385-4035,000278045000004,0385-4035,2010
860,312611200002,0385-4035,000283696500008,0025-5645,2010
861,312611200002,0385-4035,000238332400013,0035-7596,2006
862,312611200002,0385-4035,000228671800008,0030-6126,2005
863,312611200002,0385-4035,000256839500004,0926-2601,2008
864,312611200002,0385-4035,000238136400004,0025-5645,2006
865,312611200002,0385-4035,000281176100006,0040-8735,2010
866,312611200003,0385-4035,A1977DB23600015,0002-9947,1977
867,312611200003,0385-4035,A19634672A00001,0003-486X,1963
868,312611200003,0385-4035,000179207100001,0034-5318,2002
869,312611200004,0385-4035,A1995RE43600003,0012-7094,1995
870,312611200004,0385-4035,A1993LL21600005,0022-0396,1993
871,307795500001,0385-4035,000227995700003,0736-2994,2005
872,307795500001,0385-4035,000227995700004,0736-2994,2005
873,307795500001,0385-4035,000224711200014,0004-9727,2004
874,307795500001,0385-4035,000079327900004,0926-2601,1999
875,307795500001,0385-4035,000077932800002,0167-7152,1999
876,307795500001,0385-4035,A1996UU95400009,0021-9002,1996
877,307795500001,0385-4035,000187962100002,0219-0257,2003
878,307795500001,0385-4035,000246903800006,0736-2994,2007
879,307795500001,0385-4035,000243880200004,0095-4616,2007
880,307795500001,0385-4035,A1968C234100003,0036-1445,1968
881,307795500001,0385-4035,000174617000002,1050-5164,2002
882,307795500001,0385-4035,000084942100001,1350-7265,1999
883,307795500001,0385-4035,000088940500011,0021-9002,2000
884,307795500001,0385-4035,000186543600003,0178-8051,2003
885,307795500002,0385-4035,000175100400017,0092-7872,2002
886,307795500002,0385-4035,000250252300021,0092-7872,2007
887,307795500003,0385-4035,A1973P235600023,0024-6107,1973
888,307795500003,0385-4035,000075764300002,0036-1410,1998
889,307795500003,0385-4035,A1973R836200009,0341-0471,1973
890,307795500003,0385-4035,000208534400001,0893-4983,2006
891,307795500003,0385-4035,000180897300005,0944-2669,2003
892,307795500003,0385-4035,000262402300008,0022-3239,2009
893,307795500003,0385-4035,000089594700001,0232-704X,2000
894,307795500003,0385-4035,000176011800003,1025-5834,2002
895,307795500004,0385-4035,A1984AHM7000003,0012-2661,1984
896,307795500004,0385-4035,A1979HJ72800005,0002-354X,1979
897,307795500004,0385-4035,000300943500026,0022-2488,2012
898,307795500004,0385-4035,000295840400008,1751-8113,2011
899,307795500004,0385-4035,000168003500021,0305-4470,2001
900,307795500004,0385-4035,A1995TB94000003,0027-7630,1995
901,307795500004,0385-4035,000077902200003,0010-3616,1998
902,307795500004,0385-4035,A1986D771400005,0025-5831,1986
903,307795500004,0385-4035,000175645100010,0008-414X,2002
904,307795500005,0385-4035,A1990ED19400004,0022-1236,1990
905,307795500005,0385-4035,A1995TD59200002,0039-3223,1995
906,307795500005,0385-4035,A1988Q416200006,0002-9327,1988
907,307795500005,0385-4035,000080087900004,0378-620X,1999
908,307795500005,0385-4035,000299597900001,0949-5932,2011
909,307795500005,0385-4035,000278201400003,1340-6116,2010
910,307795500005,0385-4035,A1988AH13400008,0379-4024,1988
911,307795500006,0385-4035,000180906900005,0020-9910,2003
912,307795500006,0385-4035,000169864300002,0920-3036,2001
913,307795500006,0385-4035,A1973P770100004,0019-2082,1973
914,307795500006,0385-4035,000169424900007,0764-4442,2001
915,307795500006,0385-4035,000169144200009,0764-4442,2001
916,307795500006,0385-4035,000271350300019,0021-8693,2009
917,307795500006,0385-4035,000279023500010,0022-4049,2010
918,307795500006,0385-4035,A1960WX96400001,0002-9327,1960
919,307795500006,0385-4035,000238734000010,0021-8693,2006
920,307795500006,0385-4035,000246342000001,0003-486X,2007
921,307795500006,0385-4035,000220203700004,0920-3036,2003
922,307795500006,0385-4035,A1971K073300002,0001-8708,1971
923,307795500006,0385-4035,000237174700014,0022-4049,2006
924,307795500006,0385-4035,000089180800012,0002-9947,2000
925,307795500006,0385-4035,000255796500001,1431-0643,2008
926,307795500006,0385-4035,000228290900002,0075-8434,2004
927,307795500006,0385-4035,000252616100004,0024-6107,2007
928,307795500006,0385-4035,000189422700001,0073-8301,2003
929,307795500006,0385-4035,000293743700011,0003-486X,2011
930,307795500006,0385-4035,000229255200008,0024-6115,2005
931,307795500006,0385-4035,000259052600006,0022-4049,2008
932,307795500006,0385-4035,000298517400008,0386-5991,2011
933,302565100001,0385-4035,000189322000019,0092-7872,2004
934,302565100001,0385-4035,000226751100004,0920-3036,2004
935,302565100001,0385-4035,A1992JC50300014,0764-4442,1992
936,302565100001,0385-4035,000085795900001,0010-437X,2000
937,302565100002,0385-4035,000287757400006,0021-2172,2011
938,302565100002,0385-4035,A1994PJ75000001,0010-2571,1994
939,302565100002,0385-4035,A1990DY77600007,0010-2571,1990
940,302565100002,0385-4035,A1978FB75800001,0021-8693,1978
941,302565100003,0385-4035,000232411000001,0022-1236,2005
942,302565100003,0385-4035,000264237600007,0305-0041,2009
943,302565100003,0385-4035,000236167500001,1340-6116,2006
944,302565100003,0385-4035,000203014500001,0289-2316,2006
945,302565100003,0385-4035,A1983QM80500003,0379-4024,1983
946,302565100004,0385-4035,A1991FN32100029,0305-4470,1991
947,302565100004,0385-4035,A1988N294400035,0305-4470,1988
948,302565100005,0385-4035,A1991FB03200010,0002-9947,1991
949,302565100005,0385-4035,000271238400008,0385-4035,2009
950,302565100005,0385-4035,000270417500007,0027-7630,2009
951,302565100005,0385-4035,000256988300014,0022-314X,2008
952,302565100005,0385-4035,000246235800008,0022-314X,2007
953,302565100005,0385-4035,000268832900003,0532-8721,2009
954,302565100005,0385-4035,000281176100005,0040-8735,2010
955,302565100005,0385-4035,000268832900001,0532-8721,2009
956,298517200001,0385-4035,A1989T251900001,0022-0396,1989
957,298517200001,0385-4035,A1985A926000001,0022-040X,1985
958,298517200001,0385-4035,000084405300003,0027-7630,1999
959,298517200001,0385-4035,000076860900012,0025-5645,1998
960,298517200001,0385-4035,A19679658400008,0025-5645,1967
961,298517200001,0385-4035,000181533200003,0025-5831,2003
962,298517200001,0385-4035,000242603500006,0129-167X,2006
963,298517200002,0385-4035,000278646200013,0022-247X,2010
964,298517200002,0385-4035,000234202100004,0378-620X,2005
965,298517200002,0385-4035,000252860500029,0022-247X,2008
966,298517200002,0385-4035,000248854000018,0022-247X,2007
967,298517200002,0385-4035,000253307800034,0024-3795,2008
968,298517200002,0385-4035,A1974V298700008,0030-8730,1974
969,298517200002,0385-4035,A1981ME51900012,0002-9947,1981
970,298517200002,0385-4035,000241258500036,0024-3795,2006
971,298517200002,0385-4035,000225055400015,1331-4343,2004
972,298517200002,0385-4035,A1987J637700003,0017-0895,1987
973,298517200002,0385-4035,A1997WU44100004,0039-3223,1997
974,298517200002,0385-4035,000273612400004,1846-3886,2009
975,298517200003,0385-4035,000228034400007,0010-437X,2005
976,298517200003,0385-4035,000275218100004,0894-0347,2010
977,298517200003,0385-4035,000086901100007,0012-7094,2000
978,298517200003,0385-4035,A1985AJK3400010,0020-9910,1985
979,298517200003,0385-4035,A1985AXD5300001,0075-4102,1985
980,298517200003,0385-4035,A1986C206400008,0040-9383,1986
981,298517200004,0385-4035,A1995TF76400001,0036-0279,1995
982,298517200004,0385-4035,000263315900006,0213-2230,2008
983,298517200004,0385-4035,000254454600005,0046-5755,2008
984,298517200004,0385-4035,A1978ER69100016,0002-9947,1978
985,298517200004,0385-4035,000221621600006,0920-5691,2004
986,298517200005,0385-4035,000287676000015,0021-8693,2011
987,298517200005,0385-4035,000272883000014,0021-8693,2009
988,298517200005,0385-4035,000274386500004,0025-5874,2010
989,298517200005,0385-4035,A1955WY97800005,0002-9327,1955
990,298517200005,0385-4035,000074317600004,0010-2571,1998
991,298517200005,0385-4035,000176369200008,0020-9910,2002
992,298517200005,0385-4035,000178723300004,0386-2194,2002
993,298517200006,0385-4035,000244663600002,0013-0915,2007
994,298517200006,0385-4035,000230374300007,1331-4343,2005
995,298517200006,0385-4035,000231108100016,0002-9939,2005
996,298517200006,0385-4035,000207414300008,1735-8787,2007
997,298517200006,0385-4035,A1953YC47600003,0002-9327,1953
998,298517200006,0385-4035,A1980JH56900003,0025-5831,1980
999,298517200006,0385-4035,A1973R533900025,0002-9947,1973
1000,298517200006,0385-4035,A1974T350500002,0001-8708,1974
1001,298517200006,0385-4035,A1955XF69100005,0006-3444,1955
1002,298517200007,0385-4035,000271238400003,0385-4035,2009
1003,298517200007,0385-4035,A1976CN60800002,0001-8708,1976
1004,298517200008,0385-4035,000260441300015,0097-3165,2008
1005,298517200008,0385-4035,000078532300004,1063-8539,1999
1006,294884400001,0385-4035,000171153100002,0129-055X,2001
1007,294884400001,0385-4035,A1995RM88500004,0022-2488,1995
1008,294884400001,0385-4035,A1980LD52300002,0021-7824,1980
1009,294884400001,0385-4035,A1978GF80400005,0003-4916,1978
1010,294884400001,0385-4035,A1975AZ82700027,0030-8730,1975
1011,294884400002,0385-4035,000263773800017,0002-9947,2009
1012,294884400002,0385-4035,000221580800011,1331-4343,2004
1013,294884400002,0385-4035,000275290000001,0022-247X,2010
1014,294884400002,0385-4035,000078414200015,0002-9939,1999
1015,294884400002,0385-4035,000253645700003,0022-1236,2008
1016,294884400002,0385-4035,000258450300005,0214-1493,2008
1017,294884400002,0385-4035,000277348200002,0017-0895,2010
1018,294884400002,0385-4035,000267508800005,1073-2780,2009
1019,294884400002,0385-4035,A1972O600600036,0002-9939,1972
1020,294884400002,0385-4035,000072299300006,1073-2780,1997
1021,294884400002,0385-4035,000223048300008,0213-2230,2004
1022,294884400002,0385-4035,A1991HH15000003,0011-4642,1991
1023,294884400002,0385-4035,000282496400005,1239-629X,2010
1024,294884400002,0385-4035,000176101500021,0002-9939,2002
1025,294884400002,0385-4035,000274290700002,0007-4497,2010
1026,294884400002,0385-4035,000257153600008,0022-247X,2008
1027,294884400002,0385-4035,000254171600006,0025-584X,2008
1028,294884400003,0385-4035,000286173200002,0386-5991,2010
1029,294884400003,0385-4035,A1997XT50100001,0025-5874,1997
1030,294884400004,0385-4035,A1994NH72900011,0033-3883,1994
1031,294884400004,0385-4035,000244683600003,0167-8019,2007
1032,294884400004,0385-4035,000173067400002,0217-751X,2001
1033,294884400004,0385-4035,000178505400020,0370-2693,2002
1034,294884400004,0385-4035,A1987L346300009,0080-4630,1987
1035,294884400004,0385-4035,000221782600017,1439-8516,2004
1036,294884400004,0385-4035,000085352100010,0017-0895,2000
1037,294884400004,0385-4035,000181488700009,0024-6115,2003
1038,294884400004,0385-4035,000189385700001,0033-3883,2004
1039,294884400004,0385-4035,000083476900005,0217-7323,1999
1040,294884400004,0385-4035,000078141400018,0370-2693,1998
1041,294884400005,0385-4035,000250730800005,0304-9914,2007
1042,294884400005,0385-4035,000178058300012,0024-6107,2002
1043,294884400005,0385-4035,000180676500011,1073-2780,2002
1044,294884400005,0385-4035,000085202000010,0022-2518,1999
1045,294884400005,0385-4035,A1996VL39200007,0040-8735,1996
1046,294884400005,0385-4035,A1986C268700006,0020-9910,1986
1047,294884400005,0385-4035,A1993KU58200024,0002-9947,1993
1048,294884400005,0385-4035,000082682800001,0040-8735,1999
1049,294884400005,0385-4035,000222028700004,0378-620X,2004
1050,294884400006,0385-4035,A1987L298600003,0004-2080,1987
1051,294884400006,0385-4035,A1992BX88C00003,0075-8434,1992
1052,294884400006,0385-4035,000283290700012,1615-715X,2010
1053,294884400006,0385-4035,000262701100001,0025-5831,2009
1054,294884400006,0385-4035,A1982PN83300011,0025-5645,1982
1055,294884400006,0385-4035,000232051400008,1615-715X,2005
1056,294884400006,0385-4035,000075599400003,0008-4395,1998
1057,294884400006,0385-4035,000220298100018,0092-7872,2004
1058,294884400006,0385-4035,000072345900005,0046-5755,1998
1059,294884400006,0385-4035,A1997WP48500005,0046-5755,1997
1060,294884400006,0385-4035,A1997WY36700008,0025-5645,1997
1061,294884400006,0385-4035,000188749400003,0025-2611,2004
1062,294884400006,0385-4035,000229503100005,0025-5874,2005
1063,294884400006,0385-4035,000077462600017,0002-9947,1999
1064,294884400006,0385-4035,000240570500001,0129-167X,2006
1065,294884400006,0385-4035,000260124700012,0021-8693,2008
1066,294884400006,0385-4035,000249143800003,0022-4049,2007
1067,294884400006,0385-4035,A1986D084800009,0305-0041,1986
1068,294884400006,0385-4035,A1984TR07400002,0075-4102,1984
1069,294884400007,0385-4035,000280510600002,0143-3857,2010
1070,294884400007,0385-4035,000262774700002,0143-3857,2009
1071,294884400007,0385-4035,000167448800007,0129-167X,2001
1072,294884400007,0385-4035,000082373700005,0143-3857,1999
1073,294884400007,0385-4035,A1997XG63100005,0021-2172,1997
1074,294884400007,0385-4035,000234631800009,1631-073X,2006
1075,294884400007,0385-4035,000252874600005,0021-7670,2007
1076,290137900001,0385-4035,000242586700001,1025-5834,2006
1077,290137900001,0385-4035,000229105200001,0304-9914,2005
1078,290137900001,0385-4035,000236398700012,0022-2518,2006
1079,290137900001,0385-4035,000178058300012,0024-6107,2002
1080,290137900001,0385-4035,A1979HX17900004,0039-3223,1979
1081,290137900001,0385-4035,A19611147B00003,0012-7094,1961
1082,290137900001,0385-4035,A1986F590400004,0021-7670,1986
1083,290137900001,0385-4035,A1990CZ10000011,0019-2082,1990
1084,290137900001,0385-4035,A1992HD19700001,0022-247X,1992
1085,290137900001,0385-4035,000173953900012,0019-2082,2001
1086,290137900001,0385-4035,A1986F977700007,0373-0956,1986
1087,290137900001,0385-4035,A1997XP25600004,0002-9327,1997
1088,290137900001,0385-4035,000082682800001,0040-8735,1999
1089,290137900001,0385-4035,A1993MA44500016,0002-9939,1993
1090,290137900001,0385-4035,000222829700005,0022-247X,2004
1091,290137900001,0385-4035,A1976BY59800002,0027-8424,1976
1092,290137900001,0385-4035,000221782600006,1439-8516,2004
1093,290137900002,0385-4035,A1988Q656500009,0022-040X,1988
1094,290137900002,0385-4035,A1985AUB3300007,0020-9910,1985
1095,290137900002,0385-4035,000183579700005,1019-8385,2002
1096,290137900004,0385-4035,A1986A136600006,0003-9527,1986
1097,290137900004,0385-4035,A1983PZ82200007,0030-8730,1983
1098,290137900004,0385-4035,000185600000004,0003-9527,2003
1099,290137900004,0385-4035,A1994PF91900007,0022-247X,1994
1100,290137900004,0385-4035,A1988AK86800004,0003-4622,1988
1101,290137900004,0385-4035,A1997XL24000004,0039-3223,1997
1102,290137900004,0385-4035,000171554800011,1027-5487,2001
1103,290137900004,0385-4035,000258534300002,1439-8516,2008
1104,290137900004,0385-4035,000245963900001,0039-3223,2006
1105,290137900004,0385-4035,A1994NC09000014,0022-247X,1994
1106,290137900004,0385-4035,A1986F082700012,0002-9939,1986
1107,290137900005,0385-4035,A19679160900008,0012-7094,1967
1108,290137900005,0385-4035,A1997YB71900004,1069-5869,1997
1109,290137900005,0385-4035,000079742800031,0002-9939,1999
1110,290137900005,0385-4035,A1977DF64300001,0001-8708,1977
1111,290137900005,0385-4035,A1983QP00800004,0002-9947,1983
1112,290137900005,0385-4035,A1995TW84800030,0001-4346,1995
1113,290137900005,0385-4035,A1984TY84200017,0002-9939,1984
1114,290137900006,0385-4035,000072299400002,1073-2780,1997
1115,290137900006,0385-4035,A1979HU89500004,0273-0979,1979
1116,290137900006,0385-4035,A1980JL95500005,0010-3640,1980
1117,290137900006,0385-4035,000284163100004,0129-167X,2010
1118,290137900006,0385-4035,A1992HQ24200005,0022-040X,1992
1119,290137900006,0385-4035,000174816700007,1073-2780,2002
1120,290137900006,0385-4035,A1991FV75400002,0010-2571,1991
1121,290137900006,0385-4035,A1976CR58700004,0010-2571,1976
1122,290137900006,0385-4035,000071856800004,0002-9327,1998
1123,290137900006,0385-4035,000270269000029,0002-9939,2009
1124,290137900006,0385-4035,000173998600005,0046-5755,2002
1125,290137900007,0385-4035,A1990EA29900002,0022-1236,1990
1126,290137900007,0385-4035,000075206300013,0022-2488,1998
1127,290137900007,0385-4035,000183844900003,0039-3223,2003
1128,290137900007,0385-4035,000272090700009,0022-247X,2010
1129,290137900007,0385-4035,000249731600008,0025-5874,2007
1130,290137900007,0385-4035,000261393000003,0022-1236,2008
1131,285985100002,0385-4035,A1984TX03100003,0022-2518,1984
1132,285985100002,0385-4035,000233391400001,0003-9527,2005
1133,285985100002,0385-4035,A1961XF78100003,0001-5962,1961
1134,285985100002,0385-4035,000229591300010,1422-6928,2005
1135,285985100002,0385-4035,A1984ACE9700010,0040-8735,1984
1136,285985100002,0385-4035,A1993KG41600010,0030-8730,1993
1137,285985100005,0385-4035,000252018700002,0001-5962,2007
1138,285985100005,0385-4035,A19656332000007,0002-9327,1965
1139,285985100001,0385-4035,000071644100006,0022-1236,1997
1140,285985100001,0385-4035,A1947UB28300013,0031-899X,1947
1141,285985100001,0385-4035,A1979GP37300001,0022-2488,1979
1142,285985100001,0385-4035,000080692800001,0129-055X,1999
1143,285985100001,0385-4035,000082181400003,0219-0257,1998
1144,285985100001,0385-4035,000174474300004,0022-2488,2002
1145,285985100001,0385-4035,000079011600008,0022-2488,1999
1146,285985100001,0385-4035,A1993LZ16600008,0022-2488,1993
1147,285985100001,0385-4035,000250844500003,0219-0257,2007
1148,285985100001,0385-4035,000250981800001,0129-055X,2007
1149,285985100001,0385-4035,A1948UB77200018,0031-899X,1948
1150,285985100003,0385-4035,000083858900007,0022-1236,1999
1151,285985100003,0385-4035,000071644100006,0022-1236,1997
1152,285985100003,0385-4035,000087574200012,0022-247X,2000
1153,285985100003,0385-4035,A1991FY18100016,0022-2488,1991
1154,285985100003,0385-4035,000184163900003,0129-055X,2003
1155,285985100003,0385-4035,000165169600002,0129-055X,2000
1156,285985100003,0385-4035,000083984600001,0010-3616,1999
1157,285985100003,0385-4035,000089514600003,0010-3616,2000
1158,285985100003,0385-4035,000080692800001,0129-055X,1999
1159,285985100003,0385-4035,000173605500005,0001-8708,2001
1160,285985100003,0385-4035,000088884600002,1424-0637,2000
1161,285985100003,0385-4035,A1970F904100006,0003-486X,1970
1162,285985100003,0385-4035,A1969D952200004,0010-3640,1969
1163,285985100003,0385-4035,A1968C614700069,0031-899X,1968
1164,285985100003,0385-4035,000170878800006,0020-9910,2001
1165,285985100003,0385-4035,000229860900010,0022-1236,2005
1166,285985100003,0385-4035,000170270300011,0002-9947,2001
1167,285985100003,0385-4035,A1968C496800014,0022-2488,1968
1168,285985100003,0385-4035,A1971J111100004,0010-3616,1971
1169,285985100003,0385-4035,000073865400002,0377-9017,1998
1170,285985100003,0385-4035,000250844500003,0219-0257,2007
1171,285985100004,0385-4035,A1982PH26500002,0022-040X,1982
1172,285985100004,0385-4035,A1986E017000007,0002-9947,1986
1173,285985100004,0385-4035,A1982PM36900005,0001-5962,1982
1174,285985100004,0385-4035,000084405300007,0027-7630,1999
1175,285985100004,0385-4035,000255191800001,0386-5991,2007
1176,281273400001,0385-4035,A19634673A00006,0003-486X,1963
1177,281273400001,0385-4035,000082862800002,0002-9947,1999
1178,281273400002,0385-4035,A19668663100011,0030-8730,1966
1179,281273400003,0385-4035,A1972N094700015,0021-8693,1972
1180,281273400003,0385-4035,A1972N094700016,0021-8693,1972
1181,281273400003,0385-4035,A1976CL40000009,0021-8693,1976
1182,281273400003,0385-4035,A1976CS33000001,0020-9910,1976
1183,281273400003,0385-4035,A1985AVC6100009,0021-8693,1985
1184,281273400004,0385-4035,000175100400009,0092-7872,2002
1185,281273400004,0385-4035,A1993KW49600005,0021-8693,1993
1186,281273400004,0385-4035,A1981LU17000018,0021-8693,1981
1187,281273400005,0385-4035,A1994NU56200039,0002-9939,1994
1188,281273400005,0385-4035,A1946YF53900002,0002-9327,1946
1189,281273400005,0385-4035,000271037900004,0034-5318,2009
1190,281273400006,0385-4035,A1983AAC8800011,0021-7670,1983
1191,281273400006,0385-4035,A1979HP33000009,0012-7094,1979
1192,281273400006,0385-4035,A1981MR34100004,0003-486X,1981
1193,278045000001,0385-4035,A1960WU88000010,0003-486X,1960
1194,278045000001,0385-4035,A1991GD99600018,0002-9947,1991
1195,278045000001,0385-4035,A1991FR86700001,0025-5831,1991
1196,278045000001,0385-4035,000079785300001,1019-8385,1998
1197,278045000001,0385-4035,A1993LQ48700002,0075-4102,1993
1198,278045000001,0385-4035,A1997XA94300005,0025-5874,1997
1199,278045000001,0385-4035,000244445700002,0002-9947,2007
1200,278045000001,0385-4035,A1996UB82700010,0010-3616,1996
1201,278045000001,0385-4035,A1974V167800006,0012-7094,1974
1202,278045000001,0385-4035,A1990DC99100002,0022-040X,1990
1203,278045000001,0385-4035,A1982PV26200010,0040-8735,1982
1204,278045000001,0385-4035,A1989AQ50900005,0003-486X,1989
1205,278045000001,0385-4035,A1970H221700015,0002-9947,1970
1206,278045000001,0385-4035,000249629300002,0024-6107,2007
1207,278045000001,0385-4035,000078941600005,0232-704X,1999
1208,278045000002,0385-4035,A1989AE89200006,0040-9383,1989
1209,278045000002,0385-4035,A1954UL94300011,0003-486X,1954
1210,278045000002,0385-4035,A1991FP71600011,0012-7094,1991
1211,278045000003,0385-4035,A1976CH15400003,0036-1445,1976
1212,278045000003,0385-4035,A1987L018800006,0764-4442,1987
1213,278045000003,0385-4035,000178469300005,0022-0396,2002
1214,278045000003,0385-4035,A1997YH58900018,0002-9947,1997
1215,278045000003,0385-4035,000089574500009,0022-0396,2000
1216,278045000003,0385-4035,A1998BJ57F00008,0075-8469,1998
1217,278045000003,0385-4035,000253343700005,0022-0396,2008
1218,278045000003,0385-4035,A1989AL95000001,0362-546X,1989
1219,278045000003,0385-4035,A1992HZ67000005,0362-546X,1992
1220,278045000003,0385-4035,000247015800014,0022-247X,2007
1221,278045000003,0385-4035,000182106400013,0002-9939,2003
1222,278045000003,0385-4035,A1988R210900006,0362-546X,1988
1223,278045000003,0385-4035,A1984AAL8600002,0095-4616,1984
1224,278045000004,0385-4035,000076582100004,0027-7630,1998
1225,278045000004,0385-4035,000207939900005,0001-5962,1972
1226,278045000004,0385-4035,000263932800010,0018-2079,2008
1227,278045000004,0385-4035,000231913700007,0304-9914,2005
1228,278045000004,0385-4035,000238136500004,0025-5645,2006
1229,278045000004,0385-4035,000228671800008,0030-6126,2005
1230,278045000004,0385-4035,000238136400004,0025-5645,2006
1231,278045000004,0385-4035,A1996TW99500008,0002-9947,1996
1232,278045000004,0385-4035,A1960XF79900003,0001-5962,1960
1233,278045000005,0385-4035,A1989AE72700001,0022-1236,1989
1234,278045000005,0385-4035,000254171600001,0025-584X,2008
1235,278045000005,0385-4035,A1989AQ95400011,0024-6107,1989
1236,278045000005,0385-4035,A1994PP78900007,0024-6115,1994
1237,278045000005,0385-4035,A1968C107600001,0095-9057,1968
1238,278045000005,0385-4035,000189173300004,0025-584X,2003
1239,278045000005,0385-4035,000263541800001,0972-6802,2009
1240,278045000006,0385-4035,000262937200009,0017-095X,2008
1241,278045000006,0385-4035,000231514000010,1439-8516,2005
1242,278045000006,0385-4035,A1988M631700007,0024-6107,1988
1243,278045000006,0385-4035,A1974AH16100001,0008-4395,1974
1244,278045000006,0385-4035,000236417800013,1239-629X,2006
